{
  "meta_title": "compre acrílico fierce",
  "meta_description": "",
  "sections": [
    {
      "type": "banner-slider",
      "autoplay": 9000,
      "full_width": true,
      "slides": [
        {
          "start": "",
          "end": "",
          "img": "/img/uploads/banner-2-site.png",
          "mobile_img": ""
        }
      ]
    },
    {
      "type": "info-bar",
      "enabled": true
    },
    {
      "type": "collection-shelf",
      "shuffle": true,
      "collection_id": null,
      "sort": "sales",
      "title": "",
      "headless": true,
      "limit": 6,
      "page": 1
    },
    {
      "type": "page-title",
      "title": "",
      "description": ""
    }
  ]
}